Species_name,Family,Common_name,Abbreviation,Previous_names,species
Banksia ericifolia,Proteaceae,heath banksia,BAER,,Banksia_ericifolia
Boronia ledifolia,Rutaceae,Sydney boronia,BOLE,,Boronia_ledifolia
Conospermum ericifolium,Proteaceae,coneseeds,COER,,Conospermum_ericifolium
Epacris microphylla,Ericaceae,coast coral heath,EPMI,,Epacris_microphylla
Grevillea buxifolia,Proteaceae,grey spider flower,GRBU,,Grevillea_buxifolia
Grevillea speciosa,Proteaceae,red spider flower,GRSP,,Grevillea_speciosa
Hakea teretifolia,Proteaceae,needlebush; dagger hakea,HATE,,Hakea_teretifolia
Hemigenia purpurea ,Lamiaceae,common hemigenia,HEPU,,Hemigenia_purpurea
Leucopogon esquamatus,Ericaceae,swamp beard heath,LEES,,Leucopogon_esquamatus
Persoonia lanceolata,Proteaceae,lance-leaf geebung,PELA,,Persoonia_lanceolata
Petrophile pulchella,Proteaceae,common conesticks,PEPU,,Petrophile_pulchella
Phyllota phylicoides,Fabaceae,heath phyllota,PHPH,,Phyllota_phylicoides
Pimelea linifolia,Thymelaeaceae,slender rice flower,PILI,,Pimelea_linifolia
Pultenaea tuberculata,Fabaceae,wreath bush-pea,PUTU,Pultenaea elliptica,Pultenaea_tuberculata
